gene	has_WT_lost	mean_tmd_gap	tmd_negative_fraction_std	n_tmd	loc_er
AAC1	0	-0.5198442	0.20084764	0.021115374	0.18958735
AAC3	0	-0.4916434	-0.19616483	0.07284065	0.19696069
ADP1	0	0.22460034	-1.6522095	-0.431995	-0.81138414
ADY2	0	-1.8715659	-0.10182254	-0.09606533	0.10988599
AFG3	0	-1.9550096	-0.9794004	-0.36754462	0.11180835
AGC1	0	-0.5103158	0.1240598	0.020343527	0.19509184
AGP1	0	-0.23402143	0.50980604	0.18249434	0.15295635
AGP2	0	-0.09188888	-0.9480611	0.30227378	0.117721885
AGP3	0	0.5176522	0.5118844	0.1426357	0.16532236
AI3	0	-0.38258561	-0.6720764	-0.09806224	0.080830276
AI5_ALPHA	0	-1.2773974	0.40806258	0.0053633316	0.16868198
AIF1	0	-0.8941032	-0.0643954	-0.22200099	0.11857025
AIM11	0	-1.4652327	-0.68910795	-0.053880706	0.11556664
AIM14	0	0.5701354	0.3462433	0.02808704	0.19651632
AIM19	0	0.011351426	-0.6891713	-0.66376686	0.13157205
AIM20	0	-0.8941032	-0.0643954	-0.22200099	0.11857025
AIM26	0	-1.1377215	0.9405177	-0.29343712	0.20397429
AIM33	0	-0.13245246	0.9024788	-0.3916348	0.223437
AIM34	0	-0.8941032	-0.0643954	-0.22200099	0.11857025
AIM36	0	-0.8941032	-0.0643954	-0.22200099	0.11857025
AIM39	0	-0.8941032	-0.0643954	-0.22200099	0.11857025
AKR1	0	-0.5235398	-0.13033086	0.08369476	0.19418553
AKR2	0	-1.5026885	-0.7699407	-0.01987245	0.16529469
ALE1	0	-0.7543415	-0.6648699	-0.3018984	-0.74728686
ALG1	0	-0.897333	-0.055827778	-0.18113466	-0.4714001
ALG11	0	-0.897333	-0.055827778	-0.18113466	-0.4714001
ALG12	0	0.28536272	-0.84597343	0.21517538	-0.61658806
ALG14	0	-0.897333	-0.055827778	-0.18113466	-0.4714001
ALG2	0	-1.5904065	0.61695826	-0.77030444	-0.8106312
ALG3	0	0.3794485	-0.63220143	-0.057111554	-0.5951887
ALG5	0	-0.897333	-0.055827778	-0.18113466	-0.4714001
ALG6	0	-1.4679374	-0.5444935	-0.16023082	-0.6993293
ALG7	0	-0.13931526	0.041900624	0.07488628	-0.6103977
ALG8	0	0.28135687	0.2955802	0.40593824	-0.5771711
ALG9	0	0.4548086	0.5722683	-0.23218352	-0.58890456
ALP1	0	0.012445	-0.040752057	0.26429424	0.12826745
ALR1	0	-1.2063333	-0.05326071	0.019796038	0.054118503
ALR2	0	-1.2063333	-0.05326071	0.019796038	0.054118503
AMF1	0	0.23809288	-1.1253164	0.33973196	0.11664808
ANP1	0	-0.897333	-0.055827778	-0.18113466	-0.4714001
ANT1	0	0.12688795	-0.12954152	0.09183809	0.21465684
ANY1	0	-0.091847226	-0.7212313	-0.102538615	0.15758663
APQ12	0	-1.0078541	-0.0489705	0.14498334	-0.26876724
AQR1	1	0.28522018	-0.03165655	0.19512115	0.12818456
AQY1	0	-0.119504064	0.6914489	-0.024466895	-0.70413136
AQY2	0	0.1969041	0.3500803	-0.118421786	-0.37606072
AQY3	0	-0.7360129	-1.1074001	-0.05997644	0.16815381
ARE1	0	-0.016477214	0.090624124	-0.22811237	-0.85427225
ARE2	0	-0.15860811	-1.0336988	-0.30762646	-0.8184109
ARN1	0	-0.0818344	-0.96167356	0.35877764	0.1202649
ARN2	0	-0.032081842	-1.0459558	0.30679983	0.11820452
ARR3	1	0.47683144	-0.049921237	0.0051028025	0.14722815
ARV1	0	-1.8905274	0.294456	-0.6031687	-0.51608634
ASG7	0	-1.0787115	0.454346	-0.58458537	0.116507865
ASI1	0	-0.55057174	-1.1038797	-0.074688844	0.16616899
ASI2	0	-1.3526394	-0.16858819	-0.14719914	-0.10334492
ASI3	0	-1.1888089	0.27704746	-0.07074014	0.17986847
ATG15	0	-0.8941032	-0.0643954	-0.22200099	0.11857025
ATG22	0	0.017848834	-0.6459123	0.04891738	0.09457344
ATG27	0	-0.8941032	-0.0643954	-0.22200099	0.11857025
ATG32	0	-0.8941032	-0.0643954	-0.22200099	0.11857025
ATG33	0	-1.1718583	-0.8972496	-0.69896275	0.16046509
ATG40	0	-0.87011653	0.8337854	-0.5766375	-0.7904603
ATG9	0	-1.2961632	0.60246414	-0.8216332	-0.69692343
ATH1	0	-0.8941032	-0.0643954	-0.22200099	0.11857025
ATM1	0	-0.91988647	-0.1947969	0.07572816	0.1825411
ATO2	0	-1.8715659	-0.10182254	-0.09606533	0.10988599
ATO3	0	0.07934258	-0.91243035	-0.08720301	0.15722945
ATP18	0	-0.8941032	-0.0643954	-0.22200099	0.11857025
ATP19	0	-0.8941032	-0.0643954	-0.22200099	0.11857025
ATP6	0	0.3287514	-0.115215555	-0.0108497245	0.15775016
ATP8	0	-0.8941032	-0.0643954	-0.22200099	0.11857025
ATR1	1	0.4212783	0.58793527	0.18187773	0.16784239
ATX2	0	-0.08547458	-0.94208795	0.056193493	0.12648502
AUR1	0	0.004536822	0.5979055	0.007026424	0.17164767
AUS1	1	0.7808266	0.93036276	0.1108876	0.21112867
AVT1	0	0.012073306	-0.629929	0.047654968	0.13758366
AVT2	0	-1.279765	0.7648033	-0.24554352	0.20758957
AVT3	0	0.10593718	0.94523764	0.25532684	0.15122782
AVT4	0	-0.17681983	-1.9764618	0.1471247	0.11606927
AVT5	0	0.28149623	-0.03165655	0.19108842	0.092327565
AVT6	0	0.06301649	-1.2570052	0.08744703	0.110541165
AVT7	0	-1.3272614	-0.5354735	-0.11283199	0.16765296
AXL2	0	-0.8941032	-0.0643954	-0.22200099	0.11857025
AZR1	1	0.26675043	0.4265322	0.43539742	0.1275477
BAP2	0	0.09804282	-0.09035683	0.26429424	0.13035785
BAP3	0	-0.0074642044	-0.8696709	0.30510017	0.12810624
BCS1	0	-0.8941032	-0.0643954	-0.22200099	0.11857025
BET1	0	-0.897333	-0.055827778	-0.18113466	-0.4714001
BI2	0	-0.30078247	-0.8599351	-0.6975769	0.12471099
BI3	0	0.53561515	-0.15207522	-0.0071744565	0.15523012
BIG1	0	-0.897333	-0.055827778	-0.18113466	-0.4714001
BIO5	0	-0.67950606	-0.06083376	0.3357708	0.17088887
BOR1	1	-0.0627414	0.53863895	0.32621357	0.14338654
BOS1	0	-0.897333	-0.055827778	-0.18113466	-0.4714001
BPT1	0	-0.7012955	-1.0847043	-0.42747623	0.17569469
BRE4	0	-0.79931414	-0.22732532	-0.27142587	0.18671745
BRL1	0	-1.9550096	-0.9794004	-0.36754462	0.11180835
BRR6	0	-1.9550096	-0.9794004	-0.36754462	0.11180835
BSC2	0	-0.8941032	-0.0643954	-0.22200099	0.11857025
BSC6	0	0.7676704	-0.69863814	0.024695208	0.14030665
BSD2	0	-0.70195216	0.8034586	-0.39760986	-0.84765553
BST1	0	-1.6354307	-0.5958898	-0.25706676	-0.73826134
BUD26	0	-0.9502768	-0.66434604	-0.09669412	0.121413514
BUD8	0	-0.40456444	0.27584344	-0.28287032	0.1430157
BUD9	0	-0.42178446	0.27584344	-0.26565027	0.1430157
BXI1	0	0.2843408	-0.08116315	-0.38008884	-0.6662113
CAN1	0	-0.23402143	0.50980604	0.18249434	0.15295635
CAX4	0	-0.3257995	0.77943635	-0.46900526	-0.91470313
CBP3	0	-0.8941032	-0.0643954	-0.22200099	0.11857025
CBP4	0	-0.8941032	-0.0643954	-0.22200099	0.11857025
CBR1	0	-0.8941032	-0.0643954	-0.22200099	0.11857025
CCC1	0	-0.52522427	-1.0851864	-0.073135905	0.17167349
CCC2	1	0.34313777	0.8713981	0.38013545	0.18546422
CCH1	1	-0.111786775	1.053818	0.16018786	0.22287145
CDC1	0	-2.0765817	-1.1656901	-0.9725557	0.15240507
CDC25	0	-0.8941032	-0.0643954	-0.22200099	0.11857025
CDC50	0	-2.1449573	-0.979712	-0.5176154	0.10852436
CDS1	0	-1.0626717	-0.13390556	-0.024962379	-0.7325241
CHO1	0	-0.34584484	-0.85019696	-0.759594	-0.76092684
CHO2	0	-1.4254277	-0.8141816	-0.013375868	-0.6841647
CHS1	0	-0.8489524	-1.2873491	-0.31048447	0.17373693
CHS2	0	-0.64918566	-0.11956902	-0.22003871	0.193683
CHS3	0	-0.5958208	-1.5219477	0.22210753	0.17490375
CHS7	0	0.19872898	-0.042860217	-0.40719336	-0.6346848
CNE1	0	-0.897333	-0.055827778	-0.18113466	-0.4714001
COA1	0	-0.8941032	-0.0643954	-0.22200099	0.11857025
COA3	0	-0.8941032	-0.0643954	-0.22200099	0.11857025
COB	0	0.0010317173	-1.280083	-0.10263604	0.12729426
COQ2	0	-0.1890344	-1.2565248	-0.32606792	0.08525869
COS1	0	-0.6835984	-0.8410173	-0.7370369	0.17521971
COS10	0	-1.2901645	-0.05053941	-0.029281193	0.08023672
COS12	0	-0.4218907	0.7421626	-0.520508	0.2152751
COS2	0	-1.9938412	-0.9794004	-0.51751465	0.10852436
COS3	0	-1.9938412	-0.9794004	-0.51751465	0.10852436
COS4	0	-0.6835984	-0.8410173	-0.7370369	0.17521971
COS5	0	-0.6835984	-0.8410173	-0.7370369	0.17521971
COS6	0	-0.33731794	-0.04224565	0.020514617	-0.08546683
COS7	0	-0.6835984	-0.8410173	-0.7370369	0.17521971
COS8	0	-0.68650144	0.7317856	-0.5800519	0.2152751
COS9	0	-0.8763322	-1.1976436	-0.79410684	0.1657017
COT1	0	-0.88144153	0.42061004	0.06397145	0.16925725
COX1	0	-1.1630694	-0.3246792	0.119784705	0.1271969
COX10	0	-0.64918566	-0.11956902	-0.22003871	0.193683
COX11	0	-0.8941032	-0.0643954	-0.22200099	0.11857025
COX13	0	-0.8941032	-0.0643954	-0.22200099	0.11857025
COX14	0	-0.8941032	-0.0643954	-0.22200099	0.11857025
COX15	0	-1.5390005	-1.3082339	-0.20402528	0.15869755
COX16	0	-0.8941032	-0.0643954	-0.22200099	0.11857025
COX18	0	-0.03639729	-0.91508484	-0.58439493	0.19273186
COX2	0	0.028571522	-0.8727607	-0.06819603	0.079207376
COX20	0	-0.33731794	-0.04224565	0.020514617	-0.08546683
COX26	0	-0.8941032	-0.0643954	-0.22200099	0.11857025
COX3	0	-1.3934162	-1.3470014	-0.4106988	0.12571701
COX5A	0	-0.8941032	-0.0643954	-0.22200099	0.11857025
COX5B	0	-0.8941032	-0.0643954	-0.22200099	0.11857025
COX7	0	-0.8941032	-0.0643954	-0.22200099	0.11857025
COX8	0	-0.8941032	-0.0643954	-0.22200099	0.11857025
COX9	0	-0.8941032	-0.0643954	-0.22200099	0.11857025
COY1	0	-0.8941032	-0.0643954	-0.22200099	0.11857025
CPR4	0	-0.8941032	-0.0643954	-0.22200099	0.11857025
CPS1	0	-0.8941032	-0.0643954	-0.22200099	0.11857025
CPT1	0	-0.70386285	-1.029696	-0.39720052	-0.7463416
CRC1	0	0.27984357	-1.0068777	0.052082293	0.20880166
CRD1	0	-0.08544829	0.9433426	-0.42262322	0.23177032
CSC1	0	-0.37439606	-0.7578467	-0.18612024	0.17824271
CSF1	0	-0.897333	-0.055827778	-0.18113466	-0.4714001
CSG2	0	0.3212973	0.3943385	-0.07697227	-0.41818115
CSH1	0	-2.1449573	-0.979712	-0.5176154	0.10852436
CSM4	0	-0.897333	-0.055827778	-0.18113466	-0.4714001
CTP1	0	-0.4970602	-0.51875025	0.01034884	0.20551443
CTR1	0	-1.1700833	-1.022043	-0.35947442	0.12182101
CTR2	0	-0.42178446	0.27584344	-0.26565027	0.1430157
CTR3	1	0.2119211	0.9462902	-0.3669934	0.22268614
CUE1	0	-0.897333	-0.055827778	-0.18113466	-0.4714001
CWH41	0	-0.897333	-0.055827778	-0.18113466	-0.4714001
CWH43	0	0.2315833	-0.11843574	-0.22425494	-0.5378479
CYB5	0	-0.897333	-0.055827778	-0.18113466	-0.4714001
CYT1	0	-0.8941032	-0.0643954	-0.22200099	0.11857025
DAL4	0	0.5133812	-0.076330416	0.28317052	0.14427578
DAL5	0	0.05656034	-0.64738613	0.14570269	0.1393897
DAP2	0	-0.8941032	-0.0643954	-0.22200099	0.11857025
DCV1	0	-0.36233902	-0.8506649	-0.60113204	0.12471099
DER1	0	-0.19763051	-1.9972508	-0.25199845	-0.57662535
DFG10	0	-0.822608	1.1063021	-0.55614954	-0.85444856
DFG16	0	0.37289405	0.11646494	-0.07738951	0.20743945
DFM1	0	-0.78700423	0.35689104	-0.48555696	-0.80787694
DGA1	0	-0.8672376	-0.7654176	-0.79322	-0.70091754
DGK1	0	0.2269868	0.36267096	-0.20009373	-0.7248859
DIC1	0	-1.1832024	0.29102793	0.014734711	0.1736751
DIE2	0	0.14264864	-0.7969152	0.1631664	-0.6323338
DIP5	0	0.005699386	-0.62493247	0.18544146	0.132559
DLT1	0	-1.1774503	-0.15343924	-0.13579614	0.06767665
DNF1	0	-0.9153826	-0.37626138	-0.0022540283	0.17863171
DNF2	0	-1.5169917	-1.0091199	-0.14595507	0.1753751
DNF3	0	-1.0648509	0.19828258	0.11798782	0.1721676
DPL1	0	-0.897333	-0.055827778	-0.18113466	-0.4714001
DPM1	0	-0.897333	-0.055827778	-0.18113466	-0.4714001
DPP1	0	-0.1278238	0.4392879	0.027710015	0.13507971
DRS2	0	-1.5169917	-1.0091199	-0.14595507	0.1753751
DSC2	0	0.12439337	0.24496916	-0.15104312	0.13742876
DSC3	0	-1.0078541	-0.0489705	0.14498334	-0.26876724
DTR1	0	-0.1861682	-0.08296471	0.31731027	0.12620492
DUR3	0	-1.2976668	-0.055827957	0.3296874	0.165042
EAR1	0	-0.8941032	-0.0643954	-0.22200099	0.11857025
ECM12	0	0.2261071	-0.56832623	-0.033525676	0.088206664
ECM19	0	-0.8941032	-0.0643954	-0.22200099	0.11857025
ECM27	1	-0.05716761	-0.08691466	0.23319708	0.19718957
ECM3	0	-0.34791538	-0.22639894	-0.09614888	-0.8177604
ECM34	0	-1.1522963	0.33346128	-0.2153779	0.11521976
ECM38	0	-0.8941032	-0.0643954	-0.22200099	0.11857025
ECM7	0	-0.24114718	-1.1000096	-0.74801654	0.17303352
ELO1	0	0.060724232	-1.1127672	-0.5111167	-0.5766916
EMC1	0	-0.897333	-0.055827778	-0.18113466	-0.4714001
EMC10	0	-0.897333	-0.055827778	-0.18113466	-0.4714001
EMC4	0	0.25903633	-0.43110883	0.078244835	-0.4218053
EMC6	0	-1.1923691	-0.098134406	-0.46962008	-0.538091
EMP24	0	-0.897333	-0.055827778	-0.18113466	-0.4714001
EMP46	0	-0.897333	-0.055827778	-0.18113466	-0.4714001
EMP47	0	-0.897333	-0.055827778	-0.18113466	-0.4714001
EMP65	1	0.21373685	0.76506025	0.15817794	-0.9093914
EMP70	0	0.049355682	-1.2821653	-0.1708353	0.12729426
ENA1	0	-0.98286915	0.44207862	-0.12962945	0.19768435
ENA2	0	-0.98286915	0.44207862	-0.12962945	0.19768435
ENA5	0	-0.98286915	0.44207862	-0.12962945	0.19768435
ENB1	0	0.3212418	-0.687252	0.15675281	0.15664938
ENV10	0	-0.9808704	-0.20979534	-0.51239204	-0.5818114
ENV9	0	-2.1449573	-0.979712	-0.5176154	0.10852436
EOS1	0	-0.6911994	0.016033288	-0.5928759	-0.8146524
EPS1	0	-0.897333	-0.055827778	-0.18113466	-0.4714001
EPT1	0	-1.260826	-1.8581489	-0.3585681	0.17191054
ERC1	0	-0.45775712	-0.24382278	0.097111836	0.19927636
ERD1	0	0.1679991	-0.4346838	-0.45780268	-0.6063701
ERD2	0	-1.9551171	-1.3927388	-0.5646678	-0.4006348
ERF2	0	-0.69549656	0.016033288	-0.5885788	-0.8146524
ERG1	0	-2.20692	-0.9126008	-0.38390622	-0.47480407
ERG11	0	-0.897333	-0.055827778	-0.18113466	-0.4714001
ERG2	0	-0.897333	-0.055827778	-0.18113466	-0.4714001
ERG24	0	-0.41042113	-1.1514144	-0.21890739	0.20287311
ERG25	0	-0.897333	-0.055827778	-0.18113466	-0.4714001
ERG28	0	-1.2984936	-0.36596373	-0.37348565	-0.76884925
ERG29	0	-0.897333	-0.055827778	-0.18113466	-0.4714001
ERG3	0	-0.59975487	0.76687676	-0.4383411	-0.88043004
ERG4	0	-0.51290435	-0.6838845	-0.36072096	-0.7815598
ERG5	0	-0.897333	-0.055827778	-0.18113466	-0.4714001
ERG9	0	-0.897333	-0.055827778	-0.18113466	-0.4714001
ERI1	0	-0.23635767	-0.028085604	0.13533464	-0.16768841
ERJ5	0	-0.897333	-0.055827778	-0.18113466	-0.4714001
ERP1	0	-0.897333	-0.055827778	-0.18113466	-0.4714001
ERP2	0	-0.897333	-0.055827778	-0.18113466	-0.4714001
ERP3	0	-0.897333	-0.055827778	-0.18113466	-0.4714001
ERP4	0	-0.897333	-0.055827778	-0.18113466	-0.4714001
ERP5	0	-0.897333	-0.055827778	-0.18113466	-0.4714001
ERP6	0	-0.897333	-0.055827778	-0.18113466	-0.4714001
ERS1	0	-0.026284412	-1.1041008	-0.41297355	0.13836439
ERV14	0	-1.2941406	-0.8180028	-0.6658528	-0.6399854
ERV15	0	-0.81519794	0.96537685	-0.31851298	0.20370755
ERV2	0	-0.897333	-0.055827778	-0.18113466	-0.4714001
ERV25	0	-0.897333	-0.055827778	-0.18113466	-0.4714001
ERV29	0	-1.5869098	-0.8119492	-0.74206173	-0.6557691
ERV41	0	-2.20692	-0.9126008	-0.38390622	-0.47480407
ERV46	0	-1.5231758	0.49005675	-0.5077792	-0.50119305
ESBP6	0	0.28859612	-0.027824782	-0.022782467	-0.56616485
FAR10	0	-0.8941032	-0.0643954	-0.22200099	0.11857025
FAT1	0	-2.1773417	-0.9794004	-0.458204	0.10852436
FCY2	0	-1.2339134	-0.83155125	-0.13236591	0.16419065
FCY21	1	0.15062366	1.1216096	0.26580712	0.16460189
FCY22	1	0.40785706	0.25855362	0.37241668	0.13323598
FEN2	0	-0.042656273	-0.7759509	0.28554967	0.13774924
FET3	0	-0.8941032	-0.0643954	-0.22200099	0.11857025
FET4	0	-0.065859266	-1.165004	-0.20250778	0.20287311
FET5	0	-0.8941032	-0.0643954	-0.22200099	0.11857025
FEX1	1	-0.0009287745	0.33041814	0.026397128	0.14675575
FEX2	0	-0.0009287745	0.33041814	0.026397128	0.14675575
FHN1	0	0.47003555	0.3139603	-0.48450512	0.14167033
FIG1	0	-0.54742527	-0.0856414	-0.48913306	0.19430861
FIS1	0	-0.8941032	-0.0643954	-0.22200099	0.11857025
FKS1	0	-0.047815885	-0.010380302	0.3220507	0.17956266
FKS3	0	-0.67862123	-0.23857947	-0.41028452	0.1819935
FLC1	0	0.59159744	-0.74612445	0.02137191	-0.6099094
FLC2	0	-1.409453	0.6187928	-0.35269293	-0.8493792
FLC3	1	0.59269977	0.79209363	0.23177607	-0.6279785
FLR1	0	-0.043290958	-0.18570639	0.22658128	0.14000084
FLX1	1	-0.37250644	0.50202477	0.108172685	0.19235654
FMP10	0	-1.9550096	-0.9794004	-0.36754462	0.11180835
FMP25	0	-0.8941032	-0.0643954	-0.22200099	0.11857025
FMP30	0	-0.8941032	-0.0643954	-0.22200099	0.11857025
FMP32	0	-0.8941032	-0.0643954	-0.22200099	0.11857025
FMP33	1	0.37243316	0.97911006	-0.30039	0.2391357
FMP42	0	-0.67205757	-0.46938324	-0.051819026	0.17349985
FMP45	0	-0.70946544	-0.860032	-0.7673512	0.18536647
FPS1	0	-0.0906074	0.16141158	-0.01947536	0.21180525
FRE1	0	-0.35987288	-0.8511148	-0.2467123	0.14636013
FRE2	0	0.5946608	-1.2144636	-0.33684945	0.14522225
FRE3	0	0.3655502	-2.1484632	-0.41324478	0.14102659
FRE4	0	-0.09335591	-1.069061	-0.32150403	0.12724887
FRE5	0	0.0032485528	-0.4969957	-0.24046664	0.14800058
FRE6	0	-0.38909012	-1.2559254	-0.36769417	0.12837271
FRE7	0	-0.41028222	-0.75753975	-0.3237592	0.13215303
FRE8	0	-0.9930964	0.24604324	-0.07072212	0.19824636
FRT1	0	-0.897333	-0.055827778	-0.18113466	-0.4714001
FRT2	0	-0.897333	-0.055827778	-0.18113466	-0.4714001
FSF1	0	-0.7137626	-0.860032	-0.76305413	0.18536647
FTH1	0	0.48768303	0.3309023	0.043613184	0.20264186
FTR1	0	-1.2319806	0.26915705	-0.31774652	0.19984043
FUI1	0	-0.7539228	0.3319878	0.011012847	0.17986766
FUN14	0	0.23047237	0.89428836	-0.38383645	0.23177032
FUN26	0	0.27342382	-0.03165655	0.2165204	0.12818456
FUR4	1	0.5133812	-0.076330416	0.28317052	0.14427578
FUS1	0	-0.8941032	-0.0643954	-0.22200099	0.11857025
FYV12	0	-0.8941032	-0.0643954	-0.22200099	0.11857025
FYV5	0	-1.5879039	-1.2458247	-0.16329834	-0.034089077
FZO1	0	-1.9950238	-0.13480121	-0.14253719	0.03337804
GAA1	0	-1.5596426	-0.9874548	0.0997772	-0.67526156
GAB1	0	-1.9805261	0.124638416	-0.16063547	-0.4201075
GAL2	0	-0.1861682	-0.08296471	0.31731027	0.12620492
GAP1	0	-0.01008402	-0.03799378	0.25797418	-0.5636831
GDA1	0	-0.8941032	-0.0643954	-0.22200099	0.11857025
GDT1	0	0.21280468	-1.0678569	-0.27211407	0.1331249
GEF1	0	-0.03763268	-0.6182619	0.18795638	0.13510203
GEM1	0	-0.8941032	-0.0643954	-0.22200099	0.11857025
GEP7	0	-0.8941032	-0.0643954	-0.22200099	0.11857025
GET1	0	-0.283426	-1.0675032	-0.72282714	-0.67014754
GET2	0	-0.6667422	0.5731407	-0.5589144	-0.87275887
GEX1	0	-0.63401383	0.660381	0.2009548	0.19929317
GEX2	0	-0.63401383	0.660381	0.2009548	0.19929317
GGC1	0	-0.9000234	0.9989074	0.011084839	0.1954771
GIT1	0	0.007996808	0.39079577	0.30144754	0.13218236
GMH1	0	0.3442714	-0.9115369	-0.1949875	-0.644348
GNP1	0	0.08079346	-0.19053382	0.26429424	0.13035785
GNT1	0	-0.8941032	-0.0643954	-0.22200099	0.11857025
GOS1	0	-0.8941032	-0.0643954	-0.22200099	0.11857025
GOT1	0	-0.010509466	-0.030515015	-0.43119898	0.1491378
GPC1	0	0.21322396	0.6331111	0.006396214	0.16764152
GPI1	0	-0.3355958	0.32156757	0.10942965	0.21159206
GPI10	0	-0.7923023	0.6315757	-0.33083555	-0.87540436
GPI11	0	-1.9482883	-1.3884444	-0.28103903	-0.38036624
GPI12	0	-0.897333	-0.055827778	-0.18113466	-0.4714001
GPI13	0	-0.41313896	-0.0748319	-0.25077832	-0.7711905
GPI14	1	0.14444801	0.62417907	0.13779654	-0.5256921
GPI15	0	-0.11681329	-0.6770139	-0.13543655	0.08416331
GPI16	0	-0.897333	-0.055827778	-0.18113466	-0.4714001
GPI17	0	-2.20692	-0.9126008	-0.38390622	-0.47480407
GPI18	0	-0.6541216	0.62037855	-0.07743796	-0.91947746
GPI19	0	-0.05988424	0.349904	-0.07237246	-0.36897212
GPI2	1	0.28078198	0.8246668	0.03991191	0.17439623
GPI8	0	-0.897333	-0.055827778	-0.18113466	-0.4714001
GPR1	0	-0.700563	-0.9091787	-0.03791814	0.17636524
GPT2	0	-1.412148	-0.4931469	0.10551317	-0.739267
GSC2	1	-0.42393124	0.86755437	0.46328387	0.20303439
GSF2	0	-0.897333	-0.055827778	-0.18113466	-0.4714001
GTT3	0	-0.6312184	-0.64759296	-0.06236822	0.13133901
GUP1	0	-1.4254277	-0.8141816	-0.013375868	-0.6841647
GUP2	0	-1.4254277	-0.822818	-0.0047394917	-0.6841647
GWT1	0	-0.025491802	-0.77901703	0.2995347	-0.5843494
HEH2	0	-0.8941032	-0.0643954	-0.22200099	0.11857025
HEM25	0	-1.1698328	0.13536489	-0.028617729	0.17895949
HFD1	0	-0.8941032	-0.0643954	-0.22200099	0.11857025
HHY1	0	-0.8241299	0.3467327	-0.21830621	0.11495302
HIP1	0	-0.042844363	-0.7731396	0.29615238	0.1202649
HKR1	0	-0.8941032	-0.0643954	-0.22200099	0.11857025
HMG1	0	0.05475577	0.5713242	0.0054788576	-0.91947746
HMG2	0	-0.11009988	0.60708183	0.006947679	-0.91947746
HMX1	0	-0.897333	-0.055827778	-0.18113466	-0.4714001
HNM1	0	-0.77535266	-0.055459738	0.08451339	0.16995806
HOC1	1	-0.8941032	-0.0643954	-0.22200099	0.11857025
HOL1	0	-1.3031176	0.37501362	0.0832401	0.17210667
HRD1	0	-0.14809205	-0.9917721	-0.08948812	-0.5450073
HRD3	0	-0.897333	-0.055827778	-0.18113466	-0.4714001
HSP30	0	-0.048607755	-0.060473457	-0.27807567	0.15840147
HUR1	0	-0.8941032	-0.0643954	-0.22200099	0.11857025
HUT1	0	0.2014283	0.49514002	-0.058491662	-0.6200968
HVG1	0	-1.4303424	-0.4452678	-0.46559188	-0.5794267
HXT1	0	-0.25182337	-1.0075039	0.2974944	0.10868093
HXT10	0	-0.25182337	-1.0075039	0.2974944	0.10868093
HXT11	0	-0.31328633	-1.006476	0.2974944	0.10868093
HXT13	0	-0.31328633	-1.006476	0.2974944	0.10868093
HXT14	0	-0.31349096	-1.019169	0.3000093	0.111223966
HXT15	0	-0.31328633	-1.006476	0.2974944	0.10868093
HXT16	0	-0.31328633	-1.006476	0.2974944	0.10868093
HXT17	0	-0.31328633	-1.006476	0.2974944	0.10868093
HXT2	0	0.16173825	-0.47547305	0.2992362	0.112341836
HXT3	0	-0.25182337	-1.0075039	0.2974944	0.10868093
HXT4	0	-0.010080935	-0.13519472	0.27124742	0.1268897
HXT5	0	0.005699386	-0.62493247	0.18544146	0.132559
HXT6	0	-0.25182337	-1.0075039	0.2974944	0.10868093
HXT7	0	-0.25182337	-1.0075039	0.2974944	0.10868093
HXT8	0	-0.31328633	-1.006476	0.2974944	0.10868093
HXT9	0	-0.31328633	-1.006476	0.2974944	0.10868093
ICE2	0	-1.4562175	-0.67126167	-0.27032053	-0.7333819
ICS3	0	1.0530256	-0.30116543	-0.0490406	0.0948154
IFA38	0	-0.897333	-0.055827778	-0.18113466	-0.4714001
ILM1	0	0.081898175	-0.9953409	-0.5603227	-0.50613606
IMP2	0	-0.8941032	-0.0643954	-0.22200099	0.11857025
INP2	0	-0.8941032	-0.0643954	-0.22200099	0.11857025
IPT1	0	-0.053024895	-0.103915304	-0.04620714	0.2105538
IRC11	0	-0.8941032	-0.0643954	-0.22200099	0.11857025
IRC13	0	-0.8941032	-0.0643954	-0.22200099	0.11857025
IRC16	1	1.0530256	-0.30116543	-0.0490406	0.0948154
IRC18	0	-1.4713138	-0.59583217	0.020818776	-0.09700167
IRC2	0	0.026209235	-0.49777335	-0.027273776	0.08988838
IRC22	0	-0.897333	-0.055827778	-0.18113466	-0.4714001
IRC23	0	-0.56944317	-0.7281367	0.15213598	-0.15381666
IRC8	0	0.08760221	-0.038144115	-0.42950922	0.15146223
IRC9	0	-0.10938474	0.8834131	-0.30763632	0.16385059
IRE1	0	-0.897333	-0.055827778	-0.18113466	-0.4714001
ISC1	0	-1.4688207	-0.28826213	0.119418174	-0.26397172
IST2	0	-0.26387247	-1.275271	-0.13477883	0.18875746
ITR1	0	0.7400381	-0.24337944	0.23135352	0.14272383
ITR2	1	1.0050143	-0.68088716	0.26455373	0.123137295
IZH1	0	-1.3033205	-0.65774256	-0.5901323	-0.43978205
IZH2	0	-1.471304	-1.5216908	-0.428294	0.120547146
IZH3	0	-0.034510434	-0.91785127	-0.4320237	-0.5805323
IZH4	0	-0.015004871	-1.0280108	-0.53142494	-0.5751047
JEM1	0	-0.897333	-0.055827778	-0.18113466	-0.4714001
JEN1	0	0.3528126	-0.88412786	0.27727497	0.12565732
JID1	0	-0.8941032	-0.0643954	-0.22200099	0.11857025
KAR5	0	-0.3323182	-0.04861351	0.15169053	-0.395609
KCH1	0	-0.4218907	0.7421626	-0.520508	0.2152751
KEG1	0	-0.31417176	-1.9697554	-0.20907	-0.5493309
KEI1	0	-1.135844	0.48151487	-0.49390626	0.17255427
KEX1	0	-0.8941032	-0.0643954	-0.22200099	0.11857025
KEX2	0	-0.8941032	-0.0643954	-0.22200099	0.11857025
KHA1	0	-0.46382618	0.43875116	0.30443928	0.20081843
KRE2	0	-0.8941032	-0.0643954	-0.22200099	0.11857025
KRE6	0	-0.8941032	-0.0643954	-0.22200099	0.11857025
KSH1	0	-0.897333	-0.055827778	-0.18113466	-0.4714001
KTR1	0	-0.8941032	-0.0643954	-0.22200099	0.11857025
KTR2	0	-0.8941032	-0.0643954	-0.22200099	0.11857025
KTR3	0	-0.8941032	-0.0643954	-0.22200099	0.11857025
KTR4	0	-0.8941032	-0.0643954	-0.22200099	0.11857025
KTR5	0	-0.8941032	-0.0643954	-0.22200099	0.11857025
KTR6	0	-0.8941032	-0.0643954	-0.22200099	0.11857025
KTR7	0	-0.8941032	-0.0643954	-0.22200099	0.11857025
LAC1	0	-0.110032775	-0.7392308	-0.2340746	-0.6823387
LAG1	0	-0.019113086	0.14170907	-0.19925873	-0.6860151
LAM1	1	-0.897333	-0.055827778	-0.18113466	-0.4714001
LAM4	0	-0.897333	-0.055827778	-0.18113466	-0.4714001
LAM6	0	-0.897333	-0.055827778	-0.18113466	-0.4714001
LAS21	0	-1.5699911	-0.11533041	-0.015045298	-0.6863903
LCB1	0	-2.1622536	-1.4062696	-0.8733178	-0.61108375
LCB2	0	-1.5231758	0.49005675	-0.5077792	-0.50119305
LCB3	0	0.3028026	-0.8857851	-0.039441474	-0.53961456
LCL3	1	-0.8941032	-0.0643954	-0.22200099	0.11857025
LDB16	1	0.5063072	0.8282194	-0.28672907	0.18002976
LDS1	0	0.16512968	0.027782809	-0.46037492	0.21204968
LDS2	0	-0.19591007	-0.8268196	-0.7524112	0.18536647
LEM3	0	-2.1449573	-0.979712	-0.5176154	0.10852436
LEU5	0	-0.36680436	0.01972895	0.03326645	0.21089627
LIP1	0	-0.897333	-0.055827778	-0.18113466	-0.4714001
LNP1	0	-0.3323182	-0.04861351	0.15169053	-0.395609
LOH1	0	-2.1759999	-0.5377935	-0.023596535	0.0688294
LPP1	0	-1.2250334	-0.38003242	0.060559187	0.17993732
LRO1	0	-0.897333	-0.055827778	-0.18113466	-0.4714001
LYP1	0	-0.30742833	-0.7050966	0.3017511	0.11279449
MAL11	0	0.15211457	-1.0593755	0.2619304	0.13350378
MAL31	0	0.15211457	-1.0593755	0.2619304	0.13350378
MAM3	0	-0.17385077	-0.793997	-0.10173177	0.14399056
MCD4	0	-0.3652911	0.4081122	-0.29217142	-0.7895978
MCH1	0	0.8041529	-0.9222095	0.22514135	0.12092751
MCH2	0	0.19478983	-0.6124674	0.26925784	0.1204284
MCH4	0	-1.1096611	-0.1537958	0.15941404	0.12442173
MCH5	0	0.039098956	0.21920188	0.36576387	0.13491769
MCP1	0	-1.3246603	-0.12937756	-0.055560306	0.17936318
MCP2	0	-0.8941032	-0.0643954	-0.22200099	0.11857025
MCR1	0	-0.8941032	-0.0643954	-0.22200099	0.11857025
MCY1	0	-0.8941032	-0.0643954	-0.22200099	0.11857025
MDL1	1	0.21112043	-0.589079	0.15386088	0.19666468
MDL2	0	-0.34873688	-0.8317958	-0.6701919	0.18536647
MDM31	0	-2.1449573	-0.979712	-0.5176154	0.10852436
MDM32	0	-2.1449573	-0.979712	-0.5176154	0.10852436
MDM38	0	-0.8941032	-0.0643954	-0.22200099	0.11857025
MEP1	0	0.11815506	-0.09369323	0.18320377	0.13484319
MEP2	1	0.43251637	-0.1714735	0.17838806	0.13896209
MEP3	0	0.11815506	-0.09369323	0.18320377	0.13484319
MFM1	0	0.25494108	-0.4713911	-0.046908654	0.09546445
MGA2	0	-0.8941032	-0.0643954	-0.22200099	0.11857025
MGM1	0	-0.8941032	-0.0643954	-0.22200099	0.11857025
MGR1	0	-0.41349217	0.042698953	-0.61674047	0.11833569
MGR2	0	0.2261071	-0.56832623	-0.033525676	0.088206664
MGR3	0	-0.8941032	-0.0643954	-0.22200099	0.11857025
MIA40	0	-0.8941032	-0.0643954	-0.22200099	0.11857025
MID1	0	-0.8941032	-0.0643954	-0.22200099	0.11857025
MID2	0	-0.8941032	-0.0643954	-0.22200099	0.11857025
MIL1	1	-0.30589607	0.5330835	0.2556239	0.1852974
MIM1	0	-0.8941032	-0.0643954	-0.22200099	0.11857025
MIM2	1	-0.8941032	-0.0643954	-0.22200099	0.11857025
MIR1	0	-1.179461	-1.0450692	-0.03293145	0.16515125
MME1	0	0.17803517	-0.135289	0.061016425	0.20880166
MMM1	0	-0.897333	-0.055827778	-0.18113466	-0.4714001
MMP1	0	-0.1747258	-0.19927701	0.22572175	-0.5765613
MMT1	1	0.38647953	0.46863258	-0.055932987	0.17725115
MMT2	0	-1.2492582	-1.8318943	-0.09821127	0.15789017
MNL2	0	-0.897333	-0.055827778	-0.18113466	-0.4714001
MNN1	0	-0.8941032	-0.0643954	-0.22200099	0.11857025
MNN10	0	-0.897333	-0.055827778	-0.18113466	-0.4714001
MNN11	0	-0.8941032	-0.0643954	-0.22200099	0.11857025
MNN2	0	-0.8941032	-0.0643954	-0.22200099	0.11857025
MNN4	0	-0.897333	-0.055827778	-0.18113466	-0.4714001
MNN9	0	-0.897333	-0.055827778	-0.18113466	-0.4714001
MNR2	0	-1.2063333	-0.05326071	0.019796038	0.054118503
MNS1	0	-0.897333	-0.055827778	-0.18113466	-0.4714001
MNT2	0	-0.8941032	-0.0643954	-0.22200099	0.11857025
MNT3	0	-0.8941032	-0.0643954	-0.22200099	0.11857025
MNT4	0	-0.8941032	-0.0643954	-0.22200099	0.11857025
MPC1	0	-1.2063333	-0.05326071	0.019796038	0.054118503
MPC2	0	-1.2981358	-0.23184921	-0.59532297	0.09592748
MPC3	0	-1.2981358	-0.23184921	-0.59532297	0.09592748
MPH2	0	0.19732168	-1.0593755	0.2619304	0.13350378
MPH3	0	0.19732168	-1.0593755	0.2619304	0.13350378
MPO1	1	0.527469	1.2503115	-0.44722214	-0.6438342
MPS2	0	-0.8941032	-0.0643954	-0.22200099	0.11857025
MPS3	0	-0.8941032	-0.0643954	-0.22200099	0.11857025
MRH1	0	0.14757913	-0.28683499	-0.2746639	0.15743248
MRL1	0	-0.8941032	-0.0643954	-0.22200099	0.11857025
MRS2	1	-0.36965695	-0.052795794	0.026537111	0.08841713
MRS3	0	-0.409542	0.11599888	0.11121852	0.1952576
MRS4	0	-0.4530954	0.29706314	0.095415175	0.18115473
MRX10	0	-0.8941032	-0.0643954	-0.22200099	0.11857025
MRX11	0	-0.14575373	0.23089093	-0.21378662	0.1346824
MRX4	0	-0.8941032	-0.0643954	-0.22200099	0.11857025
MRX9	0	-1.2901645	-0.05053941	-0.029281193	0.08023672
MSB2	0	-0.8941032	-0.0643954	-0.22200099	0.11857025
MSC2	1	0.55767584	0.031886164	0.40322217	-0.42622644
MSP1	0	-0.8941032	-0.0643954	-0.22200099	0.11857025
MST27	0	-0.04164836	-0.006124872	0.13533464	-0.15142176
MST28	1	-0.04164836	-0.006124872	0.13533464	-0.15142176
MTC4	0	-0.8941032	-0.0643954	-0.22200099	0.11857025
MTC6	0	-0.8941032	-0.0643954	-0.22200099	0.11857025
MTC7	0	-1.9950238	-0.13480121	-0.14253719	0.03337804
MTL1	0	-0.8941032	-0.0643954	-0.22200099	0.11857025
MTM1	0	0.06456783	-0.45070565	0.02832272	0.21893562
MUM3	0	-0.8941032	-0.0643954	-0.22200099	0.11857025
MUP1	0	-1.598283	-0.814629	-0.21703702	0.15500651
MUP3	1	0.18319125	0.30507123	0.49070674	0.13724211
NAG1	0	-0.8941032	-0.0643954	-0.22200099	0.11857025
NCA2	0	-2.1773417	-0.9794004	-0.458204	0.10852436
NCE101	0	-0.8941032	-0.0643954	-0.22200099	0.11857025
NCE102	0	-0.009696279	-1.1372691	-0.63570666	0.1302806
NCP1	0	-0.897333	-0.055827778	-0.18113466	-0.4714001
NCR1	0	-0.66584986	-1.0227767	0.13878897	0.18478215
NDC1	0	0.43903306	-0.08587643	-0.0071744565	0.15523012
NEJ1	0	-1.1700833	-1.022043	-0.35947442	0.12182101
NEM1	0	-0.897333	-0.055827778	-0.18113466	-0.4714001
NEO1	0	0.23114379	-0.8047439	0.072121866	0.17233303
NFT1	0	-0.6895685	-1.1465714	-0.46179482	0.17569469
NHA1	0	0.11886508	-0.9906685	0.29023647	0.12780246
NHX1	0	-1.4662497	-1.073135	0.1496946	0.13256606
NNF2	0	-0.86841285	0.5747361	-0.6513997	-0.85986274
NPP1	0	-0.8941032	-0.0643954	-0.22200099	0.11857025
NPP2	0	-0.8941032	-0.0643954	-0.22200099	0.11857025
NRT1	0	-0.77535266	-0.055459738	0.08451339	0.16995806
NSG1	0	-0.06641346	-0.9798275	-0.5924817	-0.7625423
NSG2	0	-1.0012907	0.0140956575	-0.5201687	-0.71944726
NTE1	0	-1.2457583	-0.64919156	0.069848865	-0.49854493
NUR1	0	-1.2284127	0.454346	-0.53749454	0.116507865
NUS1	0	-0.897333	-0.055827778	-0.18113466	-0.4714001
NVJ1	0	-0.8941032	-0.0643954	-0.22200099	0.11857025
NVJ2	0	-0.897333	-0.055827778	-0.18113466	-0.4714001
NYV1	0	-0.8941032	-0.0643954	-0.22200099	0.11857025
OAC1	1	-0.4451526	0.5038194	0.11059916	0.18370378
OCH1	0	-0.897333	-0.055827778	-0.18113466	-0.4714001
ODC1	0	0.048980486	-0.22754765	0.086290225	0.20700762
ODC2	0	0.17070943	0.05440832	0.049735405	0.21011358
OLE1	0	-0.39119795	-0.83926463	-0.76446176	-0.76221865
OLI1	0	0.19211191	0.17292927	-0.1970048	0.08705661
OM14	0	0.21572766	-0.107216194	-0.3029049	0.07887177
OM45	0	-0.8941032	-0.0643954	-0.22200099	0.11857025
OMA1	0	-0.8941032	-0.0643954	-0.22200099	0.11857025
OMS1	1	-0.8941032	-0.0643954	-0.22200099	0.11857025
OPI3	0	-0.39372578	-0.8318183	-0.66801697	-0.76221865
OPI9	0	-0.8941032	-0.0643954	-0.22200099	0.11857025
OPT1	0	-1.4871129	-1.2013848	0.28905421	0.1473986
OPT2	0	-1.2516599	-0.53670233	-0.35305026	0.16466619
OPY2	0	-0.8941032	-0.0643954	-0.22200099	0.11857025
ORM1	0	-1.0043509	-0.19748314	-0.51407146	-0.5689637
ORM2	0	-0.49053377	-0.23780617	-0.7562003	-0.52104646
ORT1	0	-0.47026625	0.084137335	0.025335148	0.19235888
OST1	0	-0.897333	-0.055827778	-0.18113466	-0.4714001
OST2	0	-1.2184395	0.28678465	-0.39164257	-0.64292806
OST3	0	-0.065770924	0.4508745	-0.5958673	-0.55407655
OST4	0	-0.897333	-0.055827778	-0.18113466	-0.4714001
OST5	0	-1.0078541	-0.0489705	0.14498334	-0.26876724
OST6	0	0.26005426	-0.6024353	-0.7141594	-0.5600905
OXA1	0	-1.3259016	-0.12813622	-0.055560306	0.17936318
PAM17	0	1.0530256	-0.30116543	-0.0490406	0.0948154
PAM18	0	-0.8941032	-0.0643954	-0.22200099	0.11857025
PAU12	0	-0.8941032	-0.0643954	-0.22200099	0.11857025
PAU2	0	-0.8941032	-0.0643954	-0.22200099	0.11857025
PAU20	0	-0.8941032	-0.0643954	-0.22200099	0.11857025
PAU3	0	-0.8941032	-0.0643954	-0.22200099	0.11857025
PAU4	0	-0.8941032	-0.0643954	-0.22200099	0.11857025
PAU5	0	-0.8941032	-0.0643954	-0.22200099	0.11857025
PBN1	0	-0.897333	-0.055827778	-0.18113466	-0.4714001
PBR1	0	-0.897333	-0.055827778	-0.18113466	-0.4714001
PCA1	1	0.7139321	0.064078085	0.18327309	0.20665658
PCP1	0	-0.10926144	-0.044884447	0.00544045	0.14077376
PDR10	0	-0.32244003	-1.916498	-0.035905175	0.1886682
PDR11	0	0.11716092	0.56289065	-0.0147512965	0.21087314
PDR12	0	0.807794	-0.64887965	0.09929708	0.19297865
PDR15	1	0.4958265	0.669452	0.13856399	0.19166857
PDR18	0	-0.13844238	0.0045332545	0.3477737	0.17956266
PDR5	0	-0.21902534	-0.5075767	0.07647139	0.18347883
PEP1	0	-0.8941032	-0.0643954	-0.22200099	0.11857025
PEP12	0	-0.8941032	-0.0643954	-0.22200099	0.11857025
PER1	0	-0.12839675	-0.08455402	-0.40752286	-0.6414894
PER33	0	0.017511833	0.6389745	-0.078085534	-0.7348178
PET100	0	-0.8941032	-0.0643954	-0.22200099	0.11857025
PET309	0	-0.8941032	-0.0643954	-0.22200099	0.11857025
PET8	0	-0.8073761	-1.1344974	0.0004358315	0.18519813
PET9	0	-0.38840294	0.20120962	0.021115374	0.19509184
PEX10	1	0.69728094	0.856744	-0.06321148	0.15880613
PEX12	0	-0.5360055	-1.0172478	-0.07800398	0.17133883
PEX13	0	-0.8941032	-0.0643954	-0.22200099	0.11857025
PEX14	0	-0.8941032	-0.0643954	-0.22200099	0.11857025
PEX15	0	-0.897333	-0.055827778	-0.18113466	-0.4714001
PEX17	0	-0.8941032	-0.0643954	-0.22200099	0.11857025
PEX2	0	0.20428537	-2.0632417	-0.11355891	0.13271117
PEX22	0	-0.8941032	-0.0643954	-0.22200099	0.11857025
PEX25	0	-0.8941032	-0.0643954	-0.22200099	0.11857025
PEX28	0	-2.1773417	-0.9794004	-0.458204	0.10852436
PEX29	0	-1.4641913	-0.88129103	-0.67388695	0.15944734
PEX3	0	-0.897333	-0.055827778	-0.18113466	-0.4714001
PEX30	0	0.8527672	-0.5521649	-0.66229	0.13662434
PEX31	1	0.91023767	-0.5390463	-0.006839886	0.13315247
PEX32	1	0.45732832	0.9483005	-0.3392995	0.23936464
PEX34	0	-1.1076745	0.010560135	-0.4256914	0.15573107
PFA3	0	-0.70946544	-0.860032	-0.7673512	0.18536647
PFA4	0	-1.0037493	0.016554233	-0.5201687	-0.71944726
PFA5	0	-0.07052931	-0.056544553	-0.5045074	0.20034844
PGA1	0	-0.897333	-0.055827778	-0.18113466	-0.4714001
PGA2	0	-0.897333	-0.055827778	-0.18113466	-0.4714001
PGA3	0	-0.37026432	0.7524338	-0.44966874	-0.88693124
PGC1	0	-0.8941032	-0.0643954	-0.22200099	0.11857025
PHB2	0	-0.8941032	-0.0643954	-0.22200099	0.11857025
PHM6	0	-0.8941032	-0.0643954	-0.22200099	0.11857025
PHM7	0	-0.2638927	-0.55576307	-0.19574869	0.19564761
PHO8	0	-0.8941032	-0.0643954	-0.22200099	0.11857025
PHO84	0	-0.081791274	-0.95045173	0.30478868	0.1202649
PHO86	0	-1.466474	-0.6878666	-0.053880706	0.11556664
PHO87	0	0.009785102	-0.7694939	0.30510017	0.12810624
PHO88	0	-0.897333	-0.055827778	-0.18113466	-0.4714001
PHO89	0	-1.170199	-0.8913842	0.26444468	0.16505745
PHO90	1	0.12888765	0.001510513	0.31731027	0.12620492
PHO91	0	-0.037517764	-1.0582179	0.28824618	0.11820452
PHS1	0	0.0779108	0.13180082	-0.1959662	-0.6095971
PIC2	0	-1.179461	-1.0450692	-0.03293145	0.16515125
PIN2	0	-0.8941032	-0.0643954	-0.22200099	0.11857025
PIS1	0	-1.9855753	0.011739364	-0.25406778	-0.55563396
PKR1	0	-0.23635767	-0.028085604	0.13533464	-0.16768841
PMA1	0	-0.70821303	-0.80236083	0.3204756	0.17305838
PMA2	1	0.34733954	0.8440649	0.42633507	0.19159488
PMC1	0	-1.0315326	-0.7204526	0.035451565	0.16869158
PMP1	0	-0.8941032	-0.0643954	-0.22200099	0.11857025
PMP2	0	-0.8941032	-0.0643954	-0.22200099	0.11857025
PMP3	0	-1.9950238	-0.13480121	-0.14253719	0.03337804
PMR1	0	-0.53148705	-0.1668349	0.17232946	0.20390582
PMT1	0	-0.50125927	-0.5920099	-0.0887401	-0.78635895
PMT2	0	-0.47247598	0.32569376	-0.2618812	-0.82881266
PMT3	0	-0.46101716	0.5912759	-0.38329738	-0.92407644
PMT4	0	-0.9275736	-0.87881374	-0.20605725	-0.7517175
PMT5	0	-0.8754086	0.4990865	-0.22488202	-0.766302
PMT6	0	-0.4365524	0.32569376	-0.25994173	-0.82881266
PMT7	0	0.1051755	-1.5062344	-0.19710824	-0.79826003
PNS1	0	-0.7604201	-0.64156187	0.0021169083	0.17827067
PNT1	0	-0.8941032	-0.0643954	-0.22200099	0.11857025
POM152	0	-2.1207812	0.43086967	-0.32827824	0.12362465
POM33	0	0.21115099	-0.15597314	-0.24722625	-0.6140729
POM34	0	-0.081521325	-0.63339525	-0.06236822	0.13240162
POR1	0	-1.3817365	-2.1784253	-0.38478342	-0.060742904
POR2	0	-1.3817365	-2.1784253	-0.38478342	-0.060742904
PPN1	1	-0.8941032	-0.0643954	-0.22200099	0.11857025
PRM1	0	-1.439429	-0.49898833	0.21888474	0.1764617
PRM10	0	-1.1952517	-0.7558904	-0.24933025	0.10054377
PRM2	0	-1.8904307	-0.36578888	-0.79581916	0.17149395
PRM3	0	-0.8941032	-0.0643954	-0.22200099	0.11857025
PRM4	0	-0.8941032	-0.0643954	-0.22200099	0.11857025
PRM5	0	-0.8941032	-0.0643954	-0.22200099	0.11857025
PRM6	0	-0.6960127	0.7317856	-0.57054085	0.2152751
PRM8	1	0.13221058	-0.028085604	0.1457019	-0.1373034
PRM9	0	-1.4759827	-0.14446524	-0.14719914	-0.09432952
PSD1	0	-0.897333	-0.055827778	-0.18113466	-0.4714001
PTM1	0	0.02212781	-1.1447465	-0.34437332	0.13732941
PTR2	0	-0.14564133	-1.945959	0.05328363	0.11426324
PUG1	0	-0.20579377	0.004815546	-0.22879195	0.1500626
PUN1	0	-0.6835984	-0.8410173	-0.7370369	0.17521971
PUT4	0	-0.31349096	-1.019169	0.3000093	0.111223966
PXA1	1	0.037451636	0.86670136	0.26373103	0.23124762
PXA2	0	-0.28183874	-0.07257468	-0.50046074	0.19612205
QCR10	0	-0.8941032	-0.0643954	-0.22200099	0.11857025
QCR8	0	-0.8941032	-0.0643954	-0.22200099	0.11857025
QCR9	0	-0.8941032	-0.0643954	-0.22200099	0.11857025
QDR1	0	0.0631431	0.11420657	0.3821928	0.12679781
QDR2	1	0.16173825	-0.47547305	0.2992362	0.112341836
QDR3	0	-0.37298092	-0.84645885	-0.122630484	0.17746003
RAX1	0	-0.13104427	-0.90741813	-0.6118339	0.1929608
RAX2	0	-0.8941032	-0.0643954	-0.22200099	0.11857025
RBD2	0	-1.0735675	-0.12806694	-0.1012928	0.14418457
RCE1	0	0.6689503	0.54741347	-0.051267106	-0.5805283
RCF1	0	-2.060223	-2.1079774	-0.19189656	0.080524676
RCF2	0	-0.23781414	-2.048528	-0.15592557	0.12276021
RCH1	0	0.60515386	-0.79806757	-0.042342603	0.14805874
RCR1	0	-0.897333	-0.055827778	-0.18113466	-0.4714001
RCR2	0	-0.8941032	-0.0643954	-0.22200099	0.11857025
RER1	0	-0.47015327	-0.67386305	-0.09640272	0.13735299
RFT1	0	0.33930117	-0.93196666	0.31023288	-0.5448235
RGT2	1	0.8107333	-0.7331337	0.26685268	0.123137295
RIM2	0	-0.39952868	-1.153922	0.03010176	0.19708803
RIM21	0	-0.031324472	-1.1680086	-0.36827284	0.13813072
RIM9	0	-0.5330232	0.4930564	-0.52186966	0.18120259
RIP1	0	-0.8941032	-0.0643954	-0.22200099	0.11857025
RMD8	0	-0.8941032	-0.0643954	-0.22200099	0.11857025
RMP1	0	-0.8941032	-0.0643954	-0.22200099	0.11857025
ROT1	0	-0.897333	-0.055827778	-0.18113466	-0.4714001
RRT1	0	-0.33731794	-0.04224565	0.020514617	-0.08546683
RRT16	0	-1.4667192	-0.8738448	-0.57744217	0.15944734
RRT6	0	-1.4183612	0.45403433	-0.68756545	0.11322389
RRT7	0	-0.05390465	-0.7323724	-0.047301114	0.14885116
RRT8	0	-0.14056219	0.038984157	-0.5466058	0.20445536
RSB1	0	-0.21811244	-0.562162	-0.34520394	0.15538079
RSN1	0	-0.38148823	-0.7761621	-0.089247294	0.17824271
RTA1	0	-0.17902777	0.0029916	-0.22879195	0.1500626
RTC2	1	0.2702737	-0.12881048	-0.18430422	0.15643279
RTN1	0	-0.13937582	-1.2075384	0.06386972	-0.49571818
RTN2	1	0.5740909	0.56319195	-0.035246633	-0.55042475
SAC1	0	-1.0078541	-0.0489705	0.14498334	-0.26876724
SAL1	0	-0.36063054	0.13451748	-0.043764766	0.19600175
SAM3	0	0.5788619	-1.1057346	0.19879614	-0.56150436
SAM37	0	-2.1179113	-1.3300157	-0.5646042	0.09784337
SAY1	0	-0.897333	-0.055827778	-0.18113466	-0.4714001
SBH1	0	-0.897333	-0.055827778	-0.18113466	-0.4714001
SBH2	0	-0.897333	-0.055827778	-0.18113466	-0.4714001
SCM4	0	-0.88604414	-0.8961589	-0.70185024	0.17360014
SCO1	0	-0.8941032	-0.0643954	-0.22200099	0.11857025
SCO2	0	-0.8941032	-0.0643954	-0.22200099	0.11857025
SCS2	0	-0.897333	-0.055827778	-0.18113466	-0.4714001
SCS22	0	-0.8941032	-0.0643954	-0.22200099	0.11857025
SCS3	0	0.1085747	0.76506025	0.15817794	-0.9220437
SCS7	0	0.48277512	-0.9792617	-0.55896515	-0.52619183
SCT1	0	-1.412148	-0.4931469	0.10551317	-0.739267
SDH3	0	0.25576884	0.8224403	-0.27717125	0.1773032
SDH4	0	-2.1402495	0.4047987	-0.4170166	0.12362465
SEC11	0	-0.897333	-0.055827778	-0.18113466	-0.4714001
SEC12	0	-0.897333	-0.055827778	-0.18113466	-0.4714001
SEC20	0	-0.897333	-0.055827778	-0.18113466	-0.4714001
SEC22	0	-0.897333	-0.055827778	-0.18113466	-0.4714001
SEC59	0	-1.3414694	-0.47149768	0.22580668	-0.5249781
SEC61	0	-1.7070918	-1.2121724	-0.32003924	-0.63009274
SEC62	0	0.05614372	-0.46393868	0.09787969	-0.40154213
SEC63	0	-1.1820031	-1.1257815	-0.9098337	-0.67014754
SEC66	0	-0.897333	-0.055827778	-0.18113466	-0.4714001
SED4	0	-0.897333	-0.055827778	-0.18113466	-0.4714001
SED5	0	-0.8941032	-0.0643954	-0.22200099	0.11857025
SEO1	0	0.05865218	-0.7762947	0.29306287	0.13774924
SEY1	0	-1.9578933	-0.058664676	-0.036243487	-0.3120272
SFC1	0	0.26765454	-1.1083081	0.025998026	0.20363179
SFK1	1	-0.5032968	0.51406175	0.047061015	0.1836768
SFT1	0	-0.8941032	-0.0643954	-0.22200099	0.11857025
SFT2	0	-1.854047	-0.14241192	-0.44694692	0.10803978
SGE1	0	0.43073428	-0.2176644	0.331282	0.1420692
SHE9	0	-1.4507458	0.454346	-0.628154	0.11322389
SHH3	0	0.51049066	-0.65296155	-0.56601083	0.13999994
SHH4	0	-2.1207812	0.43086967	-0.32827824	0.12362465
SHO1	0	-1.3019288	-0.23929541	-0.6980884	0.09592748
SHR3	0	0.82172596	-0.17628679	-0.55263317	-0.62064093
SHY1	0	-2.1449573	-0.979712	-0.5176154	0.10852436
SIP3	0	-0.897333	-0.055827778	-0.18113466	-0.4714001
SIT1	1	0.47194988	-0.26706848	0.35209656	0.13735926
SKG1	0	-0.8941032	-0.0643954	-0.22200099	0.11857025
SKG6	0	-0.8941032	-0.0643954	-0.22200099	0.11857025
SKN1	1	-0.8941032	-0.0643954	-0.22200099	0.11857025
SLA2	0	-0.8941032	-0.0643954	-0.22200099	0.11857025
SLG1	0	-0.8941032	-0.0643954	-0.22200099	0.11857025
SLM4	0	-0.8941032	-0.0643954	-0.22200099	0.11857025
SLM6	0	-1.9950238	-0.13480121	-0.14253719	0.03337804
SLN1	0	-2.1449573	-0.979712	-0.5176154	0.10852436
SLP1	1	-0.897333	-0.055827778	-0.18113466	-0.4714001
SLY41	0	0.1189499	-0.027327485	-0.049684756	0.10264355
SMA2	0	-1.0001405	-0.4212008	-0.7873098	-0.7496093
SMF1	0	-1.0274612	-0.52366495	-0.23624666	0.18539456
SMF2	0	-0.4457556	0.36031958	0.10112311	0.2080901
SMF3	0	-0.9486031	0.12398879	-0.060153108	-0.787644
SMP3	0	-1.3623661	0.7897578	-0.07021392	-0.7075332
SNA2	0	-0.66661286	-0.04224565	0.015134111	-0.07657899
SNA3	0	-1.274073	-0.55863136	0.03222177	0.07401989
SNA4	0	-1.2168825	-0.14112705	-0.13747557	0.064573
SNC1	1	-0.8941032	-0.0643954	-0.22200099	0.11857025
SNC2	0	-0.8941032	-0.0643954	-0.22200099	0.11857025
SNF3	0	0.57372636	-0.14327176	0.2774516	0.13857089
SNG1	0	-1.1951082	-1.3229511	-0.17630081	0.16169485
SNL1	0	-0.897333	-0.055827778	-0.18113466	-0.4714001
SNQ2	0	-0.75657713	-1.6063383	-0.09507582	0.15479761
SOP4	0	-0.897333	-0.055827778	-0.18113466	-0.4714001
SPC1	0	-1.2266996	-0.036379397	0.07664107	-0.37440896
SPC2	0	-1.7204981	-0.042702038	0.028727306	-0.20169875
SPC3	0	-0.897333	-0.055827778	-0.18113466	-0.4714001
SPF1	0	0.15364441	-1.6318891	0.017794125	-0.7553135
SPG1	0	-0.8941032	-0.0643954	-0.22200099	0.11857025
SPG3	0	0.2261071	-0.56832623	-0.033525676	0.088206664
SPO1	0	-0.897333	-0.055827778	-0.18113466	-0.4714001
SPO7	1	0.43297663	0.35295615	-0.016395437	-0.37095094
SPO75	0	-0.8195815	-0.2024093	-0.09341229	0.18195905
SPT14	0	-0.897333	-0.055827778	-0.18113466	-0.4714001
SRC1	0	-1.4183612	0.45403433	-0.68756545	0.11322389
SRF1	1	0.2838557	0.1253532	-0.43683428	0.18438308
SRP102	0	-0.897333	-0.055827778	-0.18113466	-0.4714001
SSH1	0	-1.4187943	-0.7592252	-0.092885725	-0.6887011
SSH4	0	-0.8941032	-0.0643954	-0.22200099	0.11857025
SSM4	0	0.113235466	-0.0435692	0.063184574	-0.7643084
SSO1	0	-0.8941032	-0.0643954	-0.22200099	0.11857025
SSO2	0	-0.8941032	-0.0643954	-0.22200099	0.11857025
SSS1	0	-0.897333	-0.055827778	-0.18113466	-0.4714001
SSU1	1	0.32994738	0.10328385	0.18859696	0.122993246
SSY1	1	0.31285086	-0.014124712	0.28275475	0.17504182
STE13	0	-0.8941032	-0.0643954	-0.22200099	0.11857025
STE14	0	-1.7102379	-1.8504443	-0.50053656	-0.37820974
STE2	0	0.04939908	-0.11035377	-0.30478606	0.1525787
STE24	0	0.0928724	-1.027331	-0.33648202	-0.85902333
STE3	0	-0.108432	-0.34054333	-0.23795173	0.14845322
STE6	0	-0.33536974	-1.2544883	0.09818676	0.16527006
STL1	0	0.544729	-0.23329154	0.2244355	0.14272383
STT3	0	0.052070435	-0.06403245	0.25670272	-0.5565011
STV1	0	-1.0091301	-0.23242939	-0.09644696	0.1808289
SUL1	0	-0.22896127	-1.087345	0.30227378	0.11815944
SUL2	0	-0.2788261	0.4179325	0.32621357	0.14382409
SUR1	0	-2.1449573	-0.979712	-0.5176154	0.10852436
SUR2	0	-1.3240297	0.2381806	-0.1667534	-0.7764889
SUR7	0	-0.45945066	0.038984157	-0.51944745	0.20445536
SVP26	0	-1.1781433	-0.41685686	-0.3840637	0.18117014
SWF1	0	-1.2715081	-0.6323546	-0.043076355	-0.6765381
SWP1	0	-1.8672658	0.31313682	-0.3983498	-0.51608634
SYG1	0	-0.63842493	-0.49099007	-0.11649533	0.20384625
SYM1	1	0.8036229	-0.10390155	-0.39565542	0.1557132
SYN8	0	-0.8941032	-0.0643954	-0.22200099	0.11857025
SYS1	0	-1.3745668	-1.0086347	-0.52044624	0.12743665
TAT1	0	-0.21516556	-0.17298453	0.26429424	0.13035785
TAT2	0	0.5972343	0.4997056	0.15185267	0.16532236
TBS1	0	-0.8941032	-0.0643954	-0.22200099	0.11857025
TCB1	0	-1.2266996	-0.036379397	0.07664107	-0.37440896
TCB2	0	-1.9678981	-0.058664676	-0.03961493	-0.31877768
TCB3	0	-1.9678981	-0.058664676	-0.03961493	-0.31877768
TCD1	0	-1.0676639	1.0483433	-0.7906794	0.18304913
TCD2	0	-1.6545252	0.7744278	-0.63954544	0.20197847
TCM62	0	-0.8941032	-0.0643954	-0.22200099	0.11857025
TDA4	0	0.001496389	-0.06687518	-0.28050676	0.15607703
TDA5	0	-1.2901645	-0.05053941	-0.029281193	0.08023672
TDA6	0	-0.8941032	-0.0643954	-0.22200099	0.11857025
TDA7	0	-0.8941032	-0.0643954	-0.22200099	0.11857025
TED1	0	-2.20692	-0.9126008	-0.38390622	-0.47480407
TGL1	0	-0.897333	-0.055827778	-0.18113466	-0.4714001
THI7	1	0.04902155	0.25639486	0.3847077	0.12890325
THI72	0	-0.77535266	-0.055459738	0.08451339	0.16995806
THI73	0	-0.027565908	-0.207733	0.1839167	-0.59697336
THI74	0	-0.009396499	-0.7362292	-0.06669504	0.14381266
TIM17	0	0.01745282	0.38290405	-0.5193203	0.13509496
TIM18	0	-2.0681868	0.54255265	-0.5397307	0.0988573
TIM21	0	-0.8941032	-0.0643954	-0.22200099	0.11857025
TIM22	0	-0.08544829	0.9433426	-0.42262322	0.23177032
TIM23	0	-0.014801256	-0.68380797	-0.69057345	0.13169731
TIM50	0	-0.8941032	-0.0643954	-0.22200099	0.11857025
TIM54	0	-0.8941032	-0.0643954	-0.22200099	0.11857025
TLG1	0	-0.8941032	-0.0643954	-0.22200099	0.11857025
TLG2	0	-0.8941032	-0.0643954	-0.22200099	0.11857025
TMN2	0	-0.18848866	-1.2956185	-0.19087256	0.123961225
TMN3	0	-1.279765	0.7648033	-0.24554352	0.20758957
TMS1	0	-1.598283	-0.814629	-0.21703702	0.15500651
TNA1	1	0.19851722	0.9844061	0.24459888	0.14970472
TOK1	0	-1.2081944	-1.3204925	-0.17630081	0.16041031
TOM20	0	-0.8941032	-0.0643954	-0.22200099	0.11857025
TOM22	0	-0.8941032	-0.0643954	-0.22200099	0.11857025
TOM5	0	-0.8941032	-0.0643954	-0.22200099	0.11857025
TOM6	0	-0.8941032	-0.0643954	-0.22200099	0.11857025
TOM7	0	-0.8941032	-0.0643954	-0.22200099	0.11857025
TOM70	0	-0.8941032	-0.0643954	-0.22200099	0.11857025
TOM71	0	-0.8941032	-0.0643954	-0.22200099	0.11857025
TOS2	0	-0.8941032	-0.0643954	-0.22200099	0.11857025
TPC1	1	0.4237996	-0.07878353	0.10572677	0.21570739
TPN1	0	-0.046991967	-0.94424224	0.30478868	0.1202649
TPO1	1	0.3912488	0.43322614	0.4191445	0.13405089
TPO2	0	0.06503143	-0.8815199	0.26729465	0.12041432
TPO3	0	0.06503143	-0.8815199	0.26729465	0.12041432
TPO4	0	0.1830879	0.5738089	0.14215097	0.16830072
TPO5	0	-0.20391726	-1.2039143	0.25829804	0.10901417
TRE1	0	-0.8941032	-0.0643954	-0.22200099	0.11857025
TRE2	0	-0.8941032	-0.0643954	-0.22200099	0.11857025
TRK1	0	-0.09976205	-0.8277656	0.274332	0.17326385
TRK2	0	-0.21133615	-1.0206097	0.18844098	0.19492891
TSC10	0	-0.73322636	-1.9279557	0.19181494	-0.106821135
TSC13	0	0.085231945	-0.056916215	-0.16685152	-0.56652874
TSC3	0	-0.897333	-0.055827778	-0.18113466	-0.4714001
TUL1	0	-0.36099723	-0.14011103	-0.23130687	0.14795712
TVP15	0	-1.525388	-0.0051462865	-0.5334546	-0.04670543
TVP18	0	0.19167803	-0.75436103	-0.6902438	0.1300156
TVP23	0	-0.10271736	0.2115438	-0.54213226	0.11539759
TVP38	0	-1.214067	-0.7244227	-0.07331865	0.18157127
UBC6	0	-0.897333	-0.055827778	-0.18113466	-0.4714001
UBX2	0	-0.795998	-0.5867012	0.0714414	-0.55480576
UFE1	0	-0.897333	-0.055827778	-0.18113466	-0.4714001
UGA4	0	0.0054893494	-0.05048395	0.3203898	0.12411454
UGO1	0	-0.8941032	-0.0643954	-0.22200099	0.11857025
UIP3	0	-2.0944493	-0.14620651	-0.19193392	0.06427305
UIP5	0	-0.8941032	-0.0643954	-0.22200099	0.11857025
USA1	0	-0.04164836	-0.006124872	0.13533464	-0.15142176
USE1	0	-0.897333	-0.055827778	-0.18113466	-0.4714001
VAC7	0	-0.8941032	-0.0643954	-0.22200099	0.11857025
VAM3	0	-0.8941032	-0.0643954	-0.22200099	0.11857025
VAN1	0	-0.897333	-0.055827778	-0.18113466	-0.4714001
VBA1	0	-0.13071376	-0.72105956	0.37738502	0.13021173
VBA2	0	0.39345023	-0.22646034	0.23353447	0.14705093
VBA3	0	-0.7585295	-0.042694096	-0.086704254	0.17471649
VBA4	0	0.033343818	0.1636223	0.40800956	0.1364408
VBA5	0	0.16469236	-0.2696158	0.3458929	0.13463272
VCX1	0	0.3387667	-0.6276496	0.05052459	0.13437885
VHC1	0	0.5060479	-0.9191048	0.27445844	0.14047222
VHT1	0	-0.049269572	0.3223984	0.2514996	0.13000268
VID22	0	-0.8941032	-0.0643954	-0.22200099	0.11857025
VMA11	0	0.5290023	-1.0253891	-0.5464085	0.132844
VMA16	0	0.07265988	-0.78960615	-0.13910608	0.1473236
VMA21	0	-0.04164836	-0.006124872	0.13533464	-0.15142176
VMA3	0	0.4682634	-1.0214148	-0.5473279	0.13621962
VMA9	0	-0.36965695	-0.052795794	0.026537111	0.08841713
VMR1	0	-0.60291696	-0.5397059	-0.55416536	0.20443903
VNX1	0	-0.92344975	0.4936026	0.28345242	0.17059445
VOA1	0	-0.897333	-0.055827778	-0.18113466	-0.4714001
VPH1	0	-0.7147866	-0.23170069	-0.09933446	0.189744
VPH2	0	-1.0679828	-0.33201963	-0.06311623	-0.32256362
VPS55	0	-1.0440795	-0.16865632	-0.44020584	0.14233835
VPS61	0	-0.8941032	-0.0643954	-0.22200099	0.11857025
VPS62	0	-0.8941032	-0.0643954	-0.22200099	0.11857025
VPS64	0	-0.897333	-0.055827778	-0.18113466	-0.4714001
VPS65	0	-0.3733966	-0.020989276	-0.059463233	0.14124075
VPS68	0	-0.11168567	0.4244722	-0.52231944	0.13140984
VPS69	1	0.35138318	0.071495526	-0.031316753	0.1587529
VPS70	0	-0.8941032	-0.0643954	-0.22200099	0.11857025
VPS73	0	0.7990601	-0.7376972	0.26685268	0.123137295
VRG4	0	-1.0951576	-0.90992224	-0.23579381	-0.5709344
VTC1	0	-0.48674077	-0.23035997	-0.6534347	-0.52104646
VTC2	0	0.09842048	-0.62393963	-0.6410586	-0.5423751
VTC3	0	0.44655454	0.6818689	-0.35447162	-0.71686494
VTC4	0	0.17002144	-0.6278189	-0.6442198	-0.53982735
VTC5	1	0.6222501	0.7579537	-0.2777151	0.17665415
VTH1	0	-0.8941032	-0.0643954	-0.22200099	0.11857025
VTH2	0	-0.8941032	-0.0643954	-0.22200099	0.11857025
VTI1	0	-0.8941032	-0.0643954	-0.22200099	0.11857025
WBP1	0	-0.897333	-0.055827778	-0.18113466	-0.4714001
WSC2	0	-0.8941032	-0.0643954	-0.22200099	0.11857025
WSC3	0	-0.8941032	-0.0643954	-0.22200099	0.11857025
WSC4	0	-0.8941032	-0.0643954	-0.22200099	0.11857025
YBT1	0	-0.3962325	-1.8968586	-0.5574208	0.1847506
YCF1	0	-0.6935203	-0.2217873	-0.41217753	0.1819935
YCT1	0	0.064924575	-0.12274058	0.23640227	-0.5904842
YDC1	0	-0.25661474	0.8609796	-0.57130516	-0.87023735
YEA4	1	0.3496132	0.7881877	-0.0017293965	-0.39541838
YEA6	0	-0.502035	0.49975014	0.108172685	0.18685204
YEH2	0	-0.8941032	-0.0643954	-0.22200099	0.11857025
YET1	0	-1.2764126	0.7906756	-0.37677675	-0.8291846
YET2	0	-0.72754747	0.8038205	-0.39760986	-0.86984444
YET3	0	-1.2941406	-0.8180028	-0.6658528	-0.6399854
YHC3	1	0.32044026	0.18726258	-0.12101966	0.21879739
YHK8	0	0.0698032	-0.113242015	0.28711057	0.1358479
YHM2	0	-0.4371142	0.2398573	0.0050452417	0.21018772
YIA6	1	-0.4030178	0.9209977	0.16358382	0.22104356
YIF1	0	-0.093806505	-0.86180943	-0.2303156	-0.61787295
YIM2	0	-1.1795945	-1.022043	-0.34996337	0.12182101
YIP1	0	-1.2279079	-0.03236265	-0.16691749	-0.4491942
YIP3	0	-0.9502768	-0.66434604	-0.09669412	0.121413514
YIP4	0	-2.2365637	-1.2120376	-0.16491202	0.103550896
YIP5	0	0.068938494	0.00029832497	-0.081765	0.14417417
YKE4	0	-1.3891603	0.60569054	-0.105150834	-0.81700844
YLH47	0	-0.8941032	-0.0643954	-0.22200099	0.11857025
YMC1	0	-1.1628139	0.51443225	0.009034352	0.16754442
YMC2	0	-0.8007496	0.50339264	0.11106019	0.17793697
YMD8	0	-0.20731549	0.35124198	0.12568939	0.12345779
YME2	0	-0.8941032	-0.0643954	-0.22200099	0.11857025
YND1	0	-0.8941032	-0.0643954	-0.22200099	0.11857025
YOP1	0	-1.058964	-0.23644628	-0.688992	-0.28952596
YOR1	0	-0.22813913	-0.38375145	0.1180026	0.18070364
YOS1	0	-0.34448183	0.3190188	-0.11001462	-0.60526496
YPC1	0	-0.35513848	0.73937386	-0.6265311	-0.8722687
YPF1	0	-1.4889444	-0.23870057	-0.3539067	-0.7437577
YPK9	1	0.08771652	0.73535466	0.25878695	0.21063758
YPQ1	0	-0.75391126	0.024772113	-0.2200764	0.19064581
YPQ2	0	0.5135435	-1.1295972	-0.37166312	0.14005238
YPS7	0	-0.897333	-0.055827778	-0.18113466	-0.4714001
YRO2	0	0.14757913	-0.28683499	-0.2746639	0.15743248
YSP2	0	-0.897333	-0.055827778	-0.18113466	-0.4714001
YSR3	0	0.24146539	0.55792475	-0.009268925	-0.68609875
YSY6	0	-0.897333	-0.055827778	-0.18113466	-0.4714001
YTA12	0	-1.9550096	-0.9794004	-0.36754462	0.11180835
YTP1	1	0.47970462	0.93974787	0.24866828	0.15692915
YUR1	0	-0.8941032	-0.0643954	-0.22200099	0.11857025
YVC1	0	-0.12962626	0.8378751	0.08121783	0.1700635
ZRC1	0	-0.50086457	0.42558753	0.062987216	0.18094382
ZRG17	0	-1.4040954	-0.58139706	-0.2574601	-0.81434697
ZRT1	0	-0.7919954	-0.42763194	-0.10579545	0.19622092
ZRT2	0	-0.9729852	0.66129184	0.07609281	0.17173547
ZRT3	0	0.020065315	-0.19944401	-0.0027588787	0.2105538
